x,y,t
0.766044443118978,0.35721239031346064,0.0
0.7881194449640008,0.3844776685857487,0.025
0.8063291050536232,0.4085328628373144,0.05
0.8209537521055267,0.4290053092157009,0.075
0.8322486395165163,0.44559743685395203,0.1
0.8404313278971709,0.4580819406137142,0.125
0.8456721636531964,0.46629728160508555,0.15
0.8480880107055944,0.47014461775176086,0.175
0.8477382276926031,0.46958516488638413,0.2
0.8446219341307659,0.4646367696738931,0.225
0.8386796006493601,0.45537487438180946,0.25
0.8297965940016169,0.44193404280200366,0.275
0.8178085370126251,0.4245096032171607,0.3
0.8025096073843612,0.40336080412380004,0.325
0.7836616826374685,0.37881213214856524,0.35
0.7610091651157761,0.35125887242306786,0.375
0.7342945494182167,0.32116900874024756,0.4
0.7032748362826424,0.28908192831267654,0.425
0.6677392358434968,0.2556047334143352,0.45
0.6275289003779617,0.2214067305772377,0.475
0.5825600852254342,0.18721236039040623,0.5
0.5328390905901395,0.15378341806658435,0.525
0.4784767338339695,0.1218997692862297,0.55
0.4197002364647644,0.09233722588649651,0.575
0.35686065967048103,0.06584237433956086,0.6
0.2904349664358183,0.043105266880716364,0.625
0.22101612273486004,0.024729845893329272,0.65
0.1492978968998338,0.011207737701550036,0.675
0.0760615494778686,0.002896875598603965,0.7
0.0021344387022467826,2.277916881232578e-6,0.725
-0.07163587564365771,0.0025691496044618622,0.75
-0.14440797493699342,0.010481765314758529,0.775
-0.2153724522430692,0.023468020587750105,0.8
-0.2837760017224686,0.04110940100217397,0.825
-0.3489653715564636,0.0628643804366098,0.85
-0.41040317136238175,0.08809581811700218,0.875
-0.4676651948810312,0.11609431187660801,0.9
-0.5204505397641598,0.14610818269572645,0.925
-0.5685767853482473,0.17736980412639058,0.95
-0.6119703306661399,0.20911927929404217,0.975
-0.6506529690319086,0.24062478715067193,1.0
-0.6847303661286352,0.27120350872047605,1.025
-0.7143696414982105,0.3002314559043696,1.05
-0.7397767090037866,0.3271475490008773,1.075
-0.7611807882276538,0.35146024976634804,1.1
-0.7788181358002152,0.37275020020036864,1.125
-0.7929173925944157,0.3906708537077246,1.15
-0.8036869640875703,0.4049476798165522,1.175
-0.8113047243626672,0.4153764936073673,1.2
-0.8159102271034238,0.421821393245963,1.225
-0.8175958091997599,0.4242074220876152,1.25
-0.8163934132738617,0.4225038573608879,1.275
-0.812285015837361,0.41673929238624496,1.3
-0.8052047776702779,0.40700314839203544,1.325
-0.7950424673596992,0.39344623066491324,1.35
-0.7816492705338616,0.3762817800690106,1.375
-0.764845819023877,0.35578662453990084,1.4
-0.7444323088554803,0.33230206115931515,1.425
-0.7202005103307989,0.30623402726909643,1.45
-0.6919469000105489,0.2780516032528423,1.475
-0.6594890201971015,0.2482858041519589,1.5
-0.6226851289191393,0.21752748915827413,1.525
-0.581449867332348,0.1864177658163898,1.55
-0.5357701654959293,0.1556361389990305,1.575
-0.4857196620605378,0.1258853565533884,1.6
-0.4314706465212445,0.09787302379845708,1.625
-0.3733025778526346,0.07229035503096248,1.65
-0.31160632130338994,0.04978870743198993,1.675
-0.246883285938376,0.030954777564911495,1.7
-0.1797190081783843,0.016282012922718914,1.725
-0.11078884676429884,0.006156032652692156,1.75
-0.040831125549631496,0.0008339381332299611,1.775
0.029391902598794133,0.0004320352964372054,1.8
0.0991163353428033,0.004924147580591232,1.825
0.1675987929939232,0.014144714176071327,1.85
0.234137278851257,0.02779645410432252,1.875
0.2980896349024553,0.04546211727154548,1.9
0.35888867310918066,0.06661962720767922,1.925
0.41605328153374244,0.09065976283626132,1.95
0.4692024535348024,0.11690937181004935,1.975
0.5181165505797267,0.14468997432780817,2.0
0.5626581878305016,0.17331035831619623,2.025
0.6027735160537222,0.20208766876038753,2.05
0.638488932031882,0.23036899511987763,2.075
0.6698962971533482,0.2575453205344902,2.1
0.697137114794817,0.2830621762136146,2.125
0.720386548423509,0.3064272058028348,2.15
0.7398380509287548,0.3272149983851147,2.175
0.7556898562510111,0.3450703540384463,2.2
0.7681364041665802,0.3597137635447438,2.225
0.7773311945607014,0.3709084216405112,2.25
0.7833935755205064,0.37847405055525096,2.275
0.7864084145217195,0.3822931070730752,2.3
0.7864217294732383,0.38231005883831914,2.325
0.7834386371897282,0.3785308521267515,2.35
0.7774236421400518,0.3710226708046651,2.375
0.7683032485653937,0.3599139759033455,2.4
0.7559708391659478,0.34539470645989057,2.425
0.7402937184680142,0.3277164211459568,2.45
0.7211221645069392,0.3071920728969486,2.475
0.6982984182435504,0.284193239010307,2.5
0.6716475618751668,0.25912919302543447,2.525
0.6410183713778401,0.232474464557627,2.55
0.606297202749394,0.20476185834791594,2.575
0.5674181026981896,0.17657016283693805,2.6
0.5243769109207503,0.14851373746066143,2.625
0.4772441714322227,0.12122926719537863,2.65
0.42617603558269646,0.09535974736085495,2.675
0.37142234496151716,0.07153597718420568,2.7
0.31333114841347576,0.050356071238333855,2.725
0.2523385984251524,0.03236100133116293,2.75
0.18897131893383784,0.0180173929134968,2.775
0.12383818820356639,0.0076975747573434505,2.8
0.05759219882703429,0.0016598081644376705,2.825
-0.009086708715525272,4.128498986555318e-5,2.85
-0.07550997911840951,0.002854953853985487,2.875
-0.14099911981233298,0.009990278728462476,2.9
-0.20490373461369424,0.02121786921636093,2.925
-0.26661797780108404,0.03619771015354989,2.95
-0.3255945977510571,0.054490529970573354,2.975
-0.3813558870325339,0.07557169697935517,3.0
-0.4335010342679998,0.09884693126607258,3.025
-0.48172892428755165,0.12367971408579248,3.05
-0.5259146111123465,0.14946262761795748,3.075
-0.5659701713158753,0.17557428158706823,3.1
-0.6018737201833224,0.20140872472040638,3.125
-0.6336666956210262,0.22639382185718693,3.15
-0.6614403352792155,0.25000221142611434,3.175
-0.6853217044938684,0.27175954427838955,3.2
-0.7054599823332028,0.2912502463305986,3.225
-0.7220136118500902,0.3081211491141044,3.25
-0.7351388084767165,0.3220833884086971,3.275
-0.7449853429726304,0.3329191662504818,3.3
-0.7516660316065427,0.3404560841544575,3.325
-0.7552516418916394,0.3445650624051363,3.35
-0.7557824083720261,0.34517716045072167,3.375
-0.7532655426295638,0.34228347877904963,3.4
-0.7476749217638962,0.33593508497636193,3.425
-0.7389529700779657,0.32624299037935556,3.45
-0.7270146902322887,0.31337809517431703,3.475
-0.7117537492249992,0.29757092851722244,3.5
-0.6930504669820784,0.2791109307140779,3.525
-0.6707814889375702,0.2583449628710822,3.55
-0.6448308483603549,0.23567469163787003,3.575
-0.6150956884486365,0.21154753215434863,3.6
-0.5814805220650343,0.18643967497242397,3.625
-0.5439486817281836,0.16088151513259397,3.65
-0.5025198150094249,0.13543430815067992,3.675
-0.457278418100828,0.11067640965776449,3.7
-0.4083829524854838,0.08718930543116488,3.725
-0.35607254573259206,0.06554168515898418,3.75
-0.3006706952076463,0.04627198161983803,3.775
-0.24258550427081857,0.02986997102570177,3.8
-0.1823061429388244,0.016758183229187096,3.825
-0.12039042836212667,0.007273378639021444,3.85
-0.05742326543582876,0.0016500770838481227,3.875
0.0059564052475985065,1.7739539082461953e-5,3.9
0.06910258961582356,0.002390441050013292,3.925
0.13138639051590115,0.00866876555451801,3.95
0.1922117005800432,0.018646515184193246,3.975
0.25102905437786704,0.032020447603280267,4.0
0.30734699607331006,0.048402488441298686,4.025
0.3607404943013613,0.06733377043488409,4.05
0.4108561238012334,0.08829980501536272,4.075
0.45741391976419865,0.11074609587252793,4.1
0.5002059835897605,0.13409355356308827,4.125
0.5390962964429092,0.1577558648696098,4.15
0.5740731836199193,0.18119600645301548,4.175
0.6051607988011534,0.20389673559622312,4.2
0.6324133674348716,0.2253689054203375,4.225
0.6559192584960544,0.24516894185918248,4.25
0.6757889645385157,0.2629048396523277,4.275
0.6921437027925579,0.2782402791201165,4.3
0.705105091507539,0.2908971795782046,4.325
0.7147862639037027,0.300657024819305,4.35
0.7212846929514578,0.3073612834139856,4.375
0.7246769177338528,0.31091120680730644,4.4
0.7250123431075779,0.31126412730157593,4.425
0.7222958519448159,0.3084158024771586,4.45
0.7164995643740859,0.3024124612267324,4.475
0.7075708016656346,0.29335754399395786,4.5
0.6954356087689709,0.28141158229753604,4.525
0.6800041476664376,0.26679173548271995,4.55
0.6611778182032194,0.24977077321925756,4.575
0.6388578984140487,0.23067524046474042,4.6
0.6129554252863227,0.20988251088077836,4.625
0.5834019612081978,0.1878164298273275,4.65
0.5501608149202798,0.16494127288779648,4.675
0.5132367829778455,0.14175294664149773,4.7
0.47266994119849226,0.11876046009758856,4.725
0.4285728828268998,0.09649278691012075,4.75
0.38112733371675617,0.07547744457262895,4.775
0.3305823288593296,0.056222842061780964,4.8
0.2772561552619702,0.03920396317982755,4.825
0.22153542997437112,0.02484767689038936,4.85
0.1638711823436451,0.013518253794173929,4.875
0.10477196666611517,0.00550372801054988,4.9
0.04479420623985342,0.0010037642276415903,4.925
-0.01546984841289244,0.00011966526484674667,4.95
-0.0754079679399286,0.002847234185668679,4.975
-0.1344613996867844,0.009081167807236223,5.0
-0.19208653836676784,0.018622008715157623,5.025
-0.24776940665890818,0.031180965750624567,5.05
-0.301056805118742,0.04639379191843773,5.075
-0.35156280210925867,0.06383570022506935,5.1
-0.398972085543158,0.08303692824773856,5.125
-0.4430402343205133,0.103498270624521,5.15
-0.4835911317594309,0.12470598237870223,5.175
-0.5205118736228999,0.14614556895359598,5.2
-0.5537456159123358,0.16731410912765676,5.225
-0.5832828624097064,0.1877308928568442,5.25
-0.6091713742108128,0.2069613900684848,5.275
-0.6314897616057971,0.224615784925271,5.3
-0.6503156124952328,0.24033586095896953,5.325
-0.6657368819545519,0.2538134254722678,5.35
-0.6778428728979722,0.2647931993912028,5.375
-0.6867164396290703,0.2730746038669626,5.4
-0.6924276795742276,0.27851271074297446,5.425
-0.6950292986556694,0.2810185857685832,5.45
-0.6945537708828136,0.2805592037196778,5.475
-0.6910123532841104,0.27715705190632456,5.5
-0.6843959620830987,0.2708894685410519,5.525
-0.6746718275477335,0.26188217396312574,5.55
-0.6617712207760286,0.250294156783739,5.575
-0.6456180539651056,0.23633952020920312,5.6
-0.626133364528804,0.22028401977140433,5.625
-0.6032427162960545,0.20244233736001394,5.65
-0.5768850860904916,0.18317468364015177,5.675
-0.5470224240610506,0.16288204679724372,5.7
-0.5136494844188109,0.14199987927955993,5.725
-0.4768034658154608,0.12099007116735894,5.75
-0.4365729570663873,0.10033114249835773,5.775
-0.3931056615438967,0.08050669449846704,5.8
-0.346601428266902,0.06198750012414889,5.825
-0.2973278216806597,0.04522454657933639,5.85
-0.2456229186796615,0.030634546819784614,5.875
-0.1918765406578269,0.01858092888655083,5.9
-0.13652514304210547,0.009363393914129214,5.925
-0.08004453478934297,0.0032087116901765578,5.95
-0.02294074059649683,0.00026317341968229435,5.975
0.03426057620091217,0.0005870658639736126,6.0
0.09102562278729695,0.004151449267417617,6.025
0.14682434411212,0.010837418835484947,6.05
0.20114203527369953,0.020437913327616686,6.075
0.25349013427520595,0.03266202812815311,6.1
0.30347569323235524,0.047160819646283936,6.125
0.3507825160068404,0.06354304612336248,6.15
0.3951227482410776,0.08137166720026645,6.175
0.4362751626759829,0.10018669579070749,6.2
0.474081919878419,0.11951926015136916,6.225
0.5084431852856248,0.1389044609704404,6.25
0.5393100617667347,0.157892728165134,6.275
0.5666763353090044,0.17605951003682507,6.3
0.5905695370121842,0.19301324549084786,6.325
0.6110418031612558,0.20840167080176253,6.35
0.6281663416414206,0.22192092482265402,6.375
0.6420270011519414,0.2333179734780233,6.4
0.6526839060829261,0.24236966880916522,6.425
0.6601907873293159,0.24890205410645816,6.45
0.6645912473691672,0.2527928841878616,6.475
0.6659149728948295,0.2539723538135611,6.5
0.6641755624491067,0.252423366974721,6.525
0.6593700283822597,0.24818142768938056,6.55
0.6514799798198779,0.2413341737669401,6.575
0.6404744416206088,0.2320205148372977,6.6
0.6263142120584302,0.22042927981251903,6.625
0.6089576080678258,0.20679723173937914,6.65
0.5883611204196727,0.19140171161539832,6.675
0.5644648078309461,0.17454286560695764,6.7
0.5372382524686002,0.1565694693192068,6.725
0.5066782218022823,0.13786475564951106,6.75
0.4728147383816279,0.11883814019834427,6.775
0.4357190053363122,0.09991725469891677,6.8
0.3955104938260984,0.08153854230379609,6.825
0.35236276598837796,0.06413650506870416,6.85
0.3065076280426645,0.048131798014210525,6.875
0.25823725768454636,0.03391847199961162,6.9
0.20789825376639628,0.02184954322922128,6.925
0.15587352997656562,0.012222979284978175,6.95
0.10260548186287977,0.005277870412200847,6.975
0.04856161259388289,0.0011798110859584376,7.0
-0.005777785135722407,1.6691539841073855e-5,7.025
-0.05992946536261111,0.001797385707014043,7.05
-0.1134171933868113,0.006452547562896371,7.075
-0.16578134494359104,0.013837464882844985,7.1
-0.21658767592497258,0.023736829211805643,7.125
-0.2654348494516696,0.035871201189089374,7.15
-0.3119603756548335,0.04990488685537642,7.175
-0.3558447009984022,0.0654548974119239,7.2
-0.39681522335166614,0.0821014878994697,7.225
-0.4347120422815018,0.09943049113605573,7.25
-0.4694190026388446,0.11702446242177666,7.275
-0.5008463811511136,0.13446380636750177,7.3
-0.5289484875647521,0.15134606729069988,7.325
-0.5537160647460401,0.16729445802122878,7.35
-0.5751682540921743,0.18196486659522992,7.375
-0.5933445486979615,0.19505140131160403,7.4
-0.6082971159772105,0.2062905955616955,7.425
-0.6200838198399262,0.21546443269108195,7.45
-0.6287622989404706,0.22240243606921317,7.475
-0.6343890084863507,0.22698603769937975,7.5
-0.6369935196246092,0.22913084381572735,7.525
-0.636585562953915,0.22879391791905124,7.55
-0.633162748766939,0.22598130928646554,7.575
-0.626710745625489,0.22074802450199482,7.6
-0.6172049362492051,0.21319756821066282,7.625
-0.6046134967962754,0.2034809986624423,7.65
-0.5889017957208084,0.19179540028727415,7.675
-0.5700379571083614,0.17838164123741374,7.7
-0.5479993809943234,0.1635212624161697,7.725
-0.522779960872378,0.14753233931704202,7.75
-0.4943976462891971,0.13076414745841158,7.775
-0.4628821641674138,0.11358017728861036,7.8
-0.4282953394271498,0.09636118818137163,7.825
-0.3907505317799335,0.07950338299714588,7.85
-0.3504041011102616,0.06340138483707469,7.875
-0.3074590881186291,0.04843869922465793,7.9
-0.26216730768231994,0.034977563585900984,7.925
-0.2148296561988413,0.02334846602409535,7.95
-0.16579450945100313,0.01383967802598074,7.975
-0.11545417986081914,0.006687193099441768,8.0
-0.06423950769590993,0.0020654902995953517,8.025
-0.01260597279383767,7.945843186063506e-5,8.05
0.03901138776988361,0.0007612339264114754,8.075
0.090154551870831,0.004072213071163677,8.1
0.14037948567141223,0.009902227048949608,8.125
0.1892711003780523,0.018075129879234986,8.15
0.236449937629178,0.028356327147056493,8.175
0.2815772694358554,0.040461443538068353,8.2
0.3243584449157664,0.05406575323026508,8.225
0.3645444164261839,0.06881399900315677,8.25
0.40193147138793534,0.0843302493213346,8.275
0.4363592785292584,0.10022748428204087,8.3
0.46770742527045267,0.11611665682235872,8.325
0.4959071931222609,0.13162447304774838,8.35
0.5209462238342234,0.1464105015448801,8.375
0.5428123135645165,0.16014596968119688,8.4
0.5615149968998765,0.172533439795582,8.425
0.5770797093146115,0.18331217157510948,8.45
0.5895413143066475,0.19226177586696402,8.475
0.5989383663247903,0.1992048743004292,8.5
0.6053083336689375,0.2040089063369276,8.525
0.6086839535731852,0.20658721672604963,8.55
0.6090908399678052,0.20689953431654473,8.575
0.6065464119489548,0.20495191959740644,8.6
0.6010537349683813,0.20079138663265217,8.625
0.5925947508072247,0.19449924809735697,8.65
0.5811449346289885,0.18619992322741297,8.675
0.5666776817703351,0.17606043608563204,8.7
0.5491687739479653,0.16428853201569105,8.725
0.5286017345628049,0.1511300416334702,8.75
0.5049738649295183,0.13686536638937685,8.775
0.47830270999938734,0.12180496607687308,8.8
0.4486326630620157,0.10628375105188792,8.825
0.41604138719039985,0.09065432087424108,8.85
0.38064571057772384,0.07527904586368339,8.875
0.34259519618416545,0.06051688064578131,8.9
0.3020750008973781,0.04671583783593203,8.925
0.25932671722788053,0.0342103470569739,8.95
0.21462978894674423,0.023304523560861323,8.975
0.16829969895197053,0.014264126993099535,9.0
0.12068492544461586,0.007309137359254425,9.025
0.0721625030386666,0.0026071119387333086,9.05
0.02313236508946104,0.00026758895924161585,9.075
-0.025989288984698867,0.00033777861816253196,9.1
-0.07477729741637003,0.0027997413803465543,9.125
-0.12280515789464602,0.0075691997955368295,9.15
-0.16966140222630813,0.014497585698237447,9.175
-0.2150085272319509,0.02338782865584388,9.2
-0.2585143633529366,0.033992585980715195,9.225
-0.2998823147556879,0.04602379626283626,9.25
-0.3388617156524647,0.05916380933497878,9.275
-0.3752476600552491,0.07307541103762916,9.3
-0.4088792520118311,0.08741150715437707,9.325
-0.4396364780499548,0.10182420029938932,9.35
-0.46743595383927267,0.11597306089782011,9.375
-0.4922258282203085,0.1295324623899916,9.4
-0.5139801411375234,0.1421979164654288,9.425
-0.5326998352163677,0.1536957488228866,9.45
-0.5484081974332649,0.16378923171965953,9.475
-0.5611179299732182,0.17226413110064476,9.5
-0.5708473946270441,0.17894381918926172,9.525
-0.5776172607471746,0.18369227610726935,9.55
-0.5814469220115752,0.18641566086651762,9.575
-0.5823519841782436,0.1870632456804141,9.6
-0.5803429115337644,0.18562778471235075,9.625
-0.5754248743446343,0.18214535888981964,9.65
-0.5675987948357587,0.17669470540935162,9.675
-0.5568635449593468,0.16939600753709982,9.7
-0.5432188720615573,0.16040887508492008,9.725
-0.5266515602131352,0.1499187485157254,9.75
-0.5071516239921376,0.13814314977361963,9.775
-0.48472654482452704,0.12533424855978514,9.8
-0.4594009826739133,0.11177101087712593,9.825
-0.43122236035831973,0.09775431509649246,9.85
-0.40026631168080223,0.08360113502173794,9.875
-0.3666417179738068,0.0696377852464044,9.9
-0.33049505312325833,0.056192276011128084,9.925
-0.2920137665284686,0.043585884588764,9.95
-0.2514284590814697,0.032124114380403745,9.975
-0.20899963997579135,0.022084282522266907,10.0
-0.16502159725197996,0.013710046466859027,10.025
-0.1198302125935857,0.007205600262684797,10.05
-0.07378033920799648,0.002725483356587066,10.075
-0.027240628092171235,0.00037109476509034067,10.1
0.019412241395463294,0.0001884353119312454,10.125
0.06579969423299495,0.0021671481461214004,10.15
0.11154746334203289,0.006240892659615471,10.175
0.1562915697190078,0.012289037605247355,10.2
0.19968379518017207,0.020139610994278856,10.225
0.2413963861414736,0.029573400633599367,10.25
0.2811257597050159,0.04032906304802708,10.275
0.31863139350901876,0.05212129727981496,10.3
0.3537341557285567,0.06465399606829714,10.325
0.38626335615624013,0.07761145947549974,10.35
0.41608795804649856,0.09067562928914352,10.375
0.44311298565372537,0.10353422712016414,10.4
0.46727503775474083,0.1158879940350852,10.425
0.4885372840728531,0.12745697981662796,10.45
0.5068842248808982,0.13798585709578348,10.475
0.5223164810784733,0.14724828138912505,10.5
0.5348458590438275,0.15505035235011178,10.525
0.5444973132299146,0.1612374138736251,10.55
0.551291285617804,0.1656871579546022,10.575
0.5552342411372504,0.16830598326743884,10.6
0.5563316557955525,0.1690396587322721,10.625
0.5545866789765607,0.1678740386805918,10.65
0.5499997706657087,0.16483519454680817,10.675
0.5425693986368378,0.1599890193200686,10.7
0.5322937671118001,0.15344028828798573,10.725
0.5191735078957903,0.14533113505920914,10.75
0.5032152249084112,0.13583888225610552,10.775
0.48443574392014493,0.1251731542684943,10.8
0.46286688216066374,0.1135721973003857,10.825
0.43854529336424913,0.10129091154697634,10.85
0.41151777472503165,0.08859826580955088,10.875
0.3818685376102007,0.07578334791919772,10.9
0.349709255807625,0.0631417202145903,10.925
0.31518254155531344,0.0509689333331953,10.95
0.27846465346301585,0.039553522172254274,10.975
0.23976721255576605,0.029169590616755503,11.0
0.19933778553126985,0.020069162001986274,11.025
0.15745924034533954,0.012474512921378578,11.05
0.11444783615163236,0.006570740918001139,11.075
0.07063942975851815,0.002498084731968331,11.1
0.026369594832374877,0.0003477382267489393,11.125
-0.017997195468627526,0.00016196263831613766,11.15
-0.062100047770996994,0.0019300705527492967,11.175
-0.10558886456487983,0.0055901289307817015,11.2
-0.1481294588708264,0.01103202103675971,11.225
-0.1894080341502769,0.01810153447552043,11.25
-0.2291348402306773,0.02660530873008049,11.275
-0.2670468633132771,0.03631645609435674,11.3
-0.30290945816903525,0.0469806611869088,11.325
-0.3365168807735095,0.05832256639841493,11.35
-0.36769172751422013,0.0700522630181799,11.375
-0.3963048531541119,0.08188101894879785,11.4
-0.42227798688592066,0.09353361794737569,11.425
-0.44553455269946934,0.10473525571991626,11.45
-0.4660235884900511,0.11522770445110819,11.475
-0.48371558276512827,0.12477475185516251,11.5
-0.4985978439371591,0.13316657308268487,11.525
-0.5106700948353653,0.14022325325649854,11.55
-0.5199404939549711,0.14579751654197315,11.575
-0.5264222535825417,0.1497767287746834,11.6
-0.5301309903266757,0.15208424174611657,11.625
-0.5310831205421525,0.1526802734060716,11.65
-0.5292900389755074,0.1515590446935592,11.675
-0.524750648034661,0.14874401183474584,11.7
-0.5174622996375512,0.14429399414646082,11.725
-0.5074234531452728,0.13830316282457722,11.75
-0.4946359333379437,0.13089972186697507,11.775
-0.4791079245782833,0.12224399939032604,11.8
-0.46085757870384986,0.11252589212348008,11.825
-0.4399170824196342,0.10196160405281285,11.85
-0.4163370011048949,0.09078962747283692,11.875
-0.39019069162713627,0.0792659318958937,11.9
-0.3615785589420385,0.06765835354554783,11.925
-0.3306164744362254,0.05623480312560758,11.95
-0.2974439835384402,0.04526072844111828,11.975
-0.2622413082149401,0.03499767033145629,12.0
-0.22521580894929613,0.025691096520557233,12.025
-0.18660209477459727,0.017564425407074258,12.05
-0.14666115944050462,0.010813210606021695,12.075
-0.10567854751309433,0.005599655774635837,12.1
-0.0639616056305206,0.002047639912021726,12.125
-0.021835920277603463,0.0002384321321257099,12.15
0.02035891124006079,0.00020726411264648803,12.175
0.062274179572468384,0.0019409203065301472,12.2
0.10359114680373348,0.005380035237635417,12.225
0.14400294604686745,0.010422741000065683,12.25
0.1832060721563697,0.01692546817393592,12.275
0.22092453413731494,0.024709094569107415,12.3
0.2569119884891102,0.03356519610965414,12.325
0.2909528354508684,0.04326260262123138,12.35
0.32286228634002145,0.05355404588571777,12.375
0.3524854591528859,0.06418270956036554,12.4
0.37969560063733204,0.07488851976820887,12.425
0.4043915651598146,0.08541404885730097,12.45
0.4264947035676504,0.09550994044780015,12.475
0.4459596000640475,0.10494690933402462,12.5
0.4627603038585357,0.11351655335660349,12.525
0.47687010465062,0.12102622150003428,12.55
0.48827521804504465,0.12731030059759263,12.575
0.49697129696200887,0.13223302091177802,12.6
0.5029604271756405,0.13569055964006893,12.625
0.5062487666084559,0.1376125080293562,12.65
0.5068449236528638,0.13796274827167554,12.675
0.5047591359519495,0.1367397758074097,12.7
0.5000032767682963,0.13397648806688478,12.725
0.49259168182653285,0.12973944419196626,12.75
0.4825368421953525,0.124124326217392,12.775
0.4698439233215363,0.11725049548706834,12.8
0.4545278865944837,0.10926749228067789,12.825
0.4366131964253917,0.10035067014574939,12.85
0.41613718601544825,0.09069815659752223,12.875
0.39315372560222234,0.08052724453353566,12.9
0.3677369218150245,0.07007013364769787,12.925
0.3399846659751702,0.05956902066033998,12.95
0.3100218432587375,0.04927056598501445,12.975
0.2780030170614367,0.0394197990252253,13.0
0.2441136069469753,0.030253359426629545,13.025
0.2085509752100691,0.021988501734806265,13.05
0.17154644911046912,0.014823967101518787,13.075
0.1333578924354124,0.008932054536529233,13.1
0.09425912798836707,0.004452303106037725,13.125
0.05453723842147867,0.00148826265017854,13.15
0.01448931603560874,0.00010497564953337868,13.175
-0.025581190146076366,0.00032725219164331243,13.2
-0.06536836324527542,0.0021387986865940567,13.225
-0.10456776410524464,0.00548223610132037,13.25
-0.14288024864093565,0.010260016697160812,13.275
-0.18001547343274119,0.01633622140246216,13.3
-0.2157091013987017,0.023542328836643978,13.325
-0.24975451883508987,0.03169081367496429,13.35
-0.2819439553049699,0.0405691238723922,13.375
-0.3120979046857338,0.04995005505459105,13.4
-0.34006690629258773,0.059598756251041385,13.425
-0.36572976300997045,0.06927891371868511,13.45
-0.38899111482118576,0.07875849388438261,13.475
-0.40977852798636794,0.08781495407931317,13.5
-0.4280392702791636,0.09623986417917219,13.525
-0.4437369441565753,0.1038429131058638,13.55
-0.4568497815971759,0.11045614101686207,13.575
-0.4673755334785299,0.1159411158154342,13.6
-0.4753030259168955,0.12017783981406616,13.625
-0.48062425611288073,0.12307336427957671,13.65
-0.48333649345570956,0.12456534561742483,13.675
-0.48344089095110016,0.12462299267321031,13.7
-0.4809417991483801,0.12324747743053555,13.725
-0.47584680916763084,0.12047182296131964,13.75
-0.46816752040750303,0.11636026977308778,13.775
-0.4579209977013923,0.1110071092161864,13.8
-0.44513185256805854,0.1045349622518319,13.825
-0.4298348543573362,0.09709247539982946,13.85
-0.41207112851985955,0.08884831941088456,13.875
-0.39187876809863403,0.07998313541897673,13.9
-0.36932159324729247,0.07069834781095896,13.925
-0.34448162603479354,0.06120694009572869,13.95
-0.3174611317937278,0.05172871508188892,13.975
-0.2883851613201438,0.04248550991102251,14.0
-0.25740361897190406,0.03369602249594006,14.025
-0.22469273159776068,0.02557033277555809,14.05
-0.19045581309153833,0.018304230802820953,14.075
-0.1549232467949543,0.012073490788657049,14.1
-0.11834492271697043,0.007027452913669796,14.125
-0.08097379872858544,0.0032837696117000714,14.15
-0.043091722125620485,0.0009288796665933852,14.175
-0.004985449808049241,1.2427432114825443e-5,14.2
0.033058726085285664,0.0005465890649939409,14.225
0.07075840147042266,0.0025065170030681427,14.25
0.10783837534067395,0.005831561150785758,14.275
0.14403370694595274,0.010427217803860911,14.3
0.17909238106988185,0.01616773836048646,14.325
0.21277746725199018,0.022899314589418407,14.35
0.2448686820846082,0.030443746586023446,14.375
0.275163289261121,0.038602494156032896,14.4
0.3034944233704138,0.04716678532753693,14.425
0.32974252179352687,0.05592909730187878,14.45
0.3537873239480874,0.06467410523729689,14.475
0.37553269611480483,0.07319085343920695,14.5
0.39490478731361145,0.08127794793158949,14.525
0.4118491148037183,0.08874794560703803,14.55
0.426327556035413,0.09543114415492293,14.575
0.4383154015053205,0.10117876704918138,14.6
0.4477986102768312,0.10586555561585786,14.625
0.4547713926651328,0.10939179185602854,14.65
0.4592359004839807,0.11168564814775883,14.675
0.4611981270089544,0.11270281886876687,14.7
0.46065557029476767,0.11242102010220956,14.725
0.4576088854549023,0.11084640924488076,14.75
0.4520629621738072,0.10801396971104815,14.775
0.44402767353562556,0.10398692803366982,14.8
0.43351920976813973,0.09885567484336466,14.825
0.4205619391463201,0.09273617103871767,14.85
0.40519071357189657,0.08576781634253472,14.875
0.38745351343820705,0.07811075777814336,14.9
0.36741430617891,0.06994262133185025,14.925
0.34515597644117396,0.06145466176271497,14.95
0.3207684217895733,0.05284234702842294,14.975
0.29435462612570873,0.04430373335541682,15.0
0.2660481686033161,0.03604026433526719,15.025
0.23600220451865073,0.028247480341657694,15.05
0.20439038470251034,0.021110542174878733,15.075
0.17140718079378695,0.014799726770071353,15.1
0.13726757797132882,0.009465996526174192,15.125
0.10220612662411227,0.005236757976805895,15.15
0.06647537359469234,0.002211933973227942,15.175
0.030343724609507166,0.000460476831044776,15.2
-0.0059117023540503555,1.747426503639904e-5,15.225
-0.042035482835464294,0.0008838815318865656,15.25
-0.0777569610093861,0.0030276558426584055,15.275
-0.11281241672492312,0.006383696473994949,15.3
-0.14695331483114263,0.010856570936176535,15.325
-0.17994842359119043,0.01632395330218317,15.35
-0.21158538174338282,0.022640482610156942,15.375
-0.2416716663576205,0.029641918836179837,15.4
-0.27003494337380063,0.037149477147616516,15.425
-0.2965228105882232,0.044974229247785824,15.45
-0.32100196789062985,0.052921472838527994,15.475
-0.3433569141453702,0.060795001339660204,15.5
-0.3635076486575942,0.06840878634058223,15.525
-0.38139127516801835,0.07558629649614512,15.55
-0.39694866107300253,0.08215918565780123,15.575
-0.41013661093342335,0.08797589923728122,15.6
-0.42092528473526525,0.09290468821047482,15.625
-0.42929581875470035,0.096836061393209,15.65
-0.4352382612130808,0.09968469080204234,15.675
-0.4387499154416781,0.10139079033212639,15.7
-0.4398341614929522,0.10192098878562383,15.725
-0.438499803867215,0.10126871535012538,15.75
-0.4347607596826379,0.09945400903664248,15.775
-0.42863025854598347,0.09652000494819846,15.8
-0.4201211949396658,0.09253199419347713,15.825
-0.4092527954865544,0.08757896265680043,15.85
-0.39605233504244314,0.08177206102872892,15.875
-0.38055716646486737,0.07524260313732489,15.9
-0.36281700181158155,0.06813959028379424,15.925
-0.34289633962116073,0.06062675135257889,15.95
-0.3208769209390976,0.052879098737313224,15.975
-0.29686008878408404,0.045079014950919705,16.0
-0.27096892274655265,0.03741190382096826,16.025
-0.24334864948139942,0.03006111801022282,16.05
-0.21414801192840366,0.023198777136764437,16.075
-0.18354331432553248,0.01698837658631991,16.1
-0.15173136566950418,0.011578231384968274,16.125
-0.11892267957772347,0.007096481886556094,16.15
-0.0853403241327071,0.003648139923990268,16.175
-0.051218322972883944,0.001312519658003608,16.2
-0.016799675435958332,0.0001411245054397936,16.225
0.017665919148679543,0.00015605452619138482,16.25
0.05192453299480747,0.0013489884482812409,16.275
0.08572056535614789,0.003680781739596073,16.3
0.11879993756160838,0.007081788446118842,16.325
0.15094456759352598,0.011457771506951042,16.35
0.18194503981444501,0.01669129847899753,16.375
0.21159857647127286,0.022643339187105704,16.4
0.23972428956128758,0.029158990877323987,16.425
0.2661632122836527,0.036072023216025095,16.45
0.2907777746595328,0.043209382485357994,16.475
0.3134507811833158,0.05039555193987788,16.5
0.33408396740991425,0.05745668390272307,16.525
0.35259622614033304,0.0642244386010099,16.55
0.368921602441792,0.07053948375857277,16.575
0.3830096877504371,0.0762556743939844,16.6
0.3948325290473317,0.081246891702625,16.625
0.40435788195582445,0.08539915629811523,16.65
0.4115614378119355,0.08861798190540737,16.675
0.41642800873420777,0.09083130633437309,16.7
0.4189501700902881,0.09199077373557563,16.725
0.4191273350212003,0.09207253756810152,16.75
0.41696530090207745,0.09107759525708692,16.775
0.4124762856917117,0.08903166150410613,16.8
0.4056794499076113,0.08598458222923944,16.825
0.3966018779768689,0.08200928632952897,16.85
0.3852797590692984,0.07720018029287445,16.875
0.3717476748791654,0.07166618815108627,16.9
0.3560480293724801,0.0655323436415931,16.925
0.3382384802156957,0.058939571280687386,16.95
0.3183896553009523,0.05204007078498263,16.975
0.2965871661938714,0.04499421318554886,17.0
0.2729334905752962,0.03796709530162912,17.025
0.24754962639325717,0.031124784880654066,17.05
0.2205764251691661,0.024630305648370432,17.075
0.1921755213409939,0.018639429670563312,17.1
0.16252978745082028,0.013296362532704942,17.125
0.13182908491948692,0.008727538781949873,17.15
0.10027652568276327,0.0050403935852501025,17.175
0.06809466494469658,0.0023211355320442717,17.2
0.035510927336694004,0.0006307118788930755,17.225
0.0027556896513469663,3.796919935572518e-6,17.25
-0.029939789163227863,0.0004482959722086344,17.275
-0.06234549569532345,0.001945372654129529,17.3
-0.09423475173157267,0.004449995446693333,17.325
-0.12538617274607544,0.00789198789441714,17.35
-0.15558540775476382,0.012177555988028832,17.375
-0.18462658161405512,0.017191256977478586,17.4
-0.21231609775468321,0.022798958947431447,17.425
-0.23850603948935534,0.028858985972118445,17.45
-0.2630528160410407,0.035218565698490245,17.475
-0.28582562867598504,0.041718355601038426,17.5
-0.30671395179644123,0.048198260259306736,17.525
-0.32562610090823313,0.05450137895007956,17.55
-0.34248753987176134,0.06047762930700329,17.575
-0.35723902615137915,0.06598700319834183,17.6
-0.3698346939106598,0.07090242752442377,17.625
-0.38024017159450674,0.07511221658744993,17.65
-0.38843142704614286,0.078522367887914,17.675
-0.39439944094822266,0.08106089375860737,17.7
-0.3981307219310166,0.0826713084969557,17.725
-0.39961522316673775,0.08331702676803343,17.75
-0.3988500257110311,0.0829838294826476,17.775
-0.39583907615173647,0.08168010704801798,17.8
-0.39059334770622445,0.07943667424362144,17.825
-0.38313141681675783,0.07630615599757096,17.85
-0.37348042819516153,0.07236194032631527,17.875
-0.3616774028900741,0.06769669300238401,17.9
-0.34777082682797905,0.0624204289728878,17.925
-0.3318224420128677,0.056658138861304885,17.95
-0.3139041780788052,0.05054533179057474,17.975
-0.2940860026448529,0.04422103860339577,18.0
-0.2724618513706062,0.03783341382705374,18.025
-0.24914083871345277,0.031532735460223615,18.05
-0.22424710952961407,0.02546768454421522,18.075
-0.19792074900132298,0.019781974704221605,18.1
-0.17031833428184412,0.014610906794956469,18.125
-0.14161308866797975,0.010077915632793366,18.15
-0.11199461492204925,0.006291186398922011,18.175
-0.08166820272828172,0.0033404268943521,18.2
-0.05085111185154291,0.0012937546888664997,18.225
-0.019749795287659744,0.00019504622846788777,18.25
0.011412592617299358,6.512575580630564e-5,18.275
0.042411824999365674,0.000899786257543056,18.3
0.07302988400902276,0.0026702470889437002,18.325
0.1030567280114846,0.005324519850033238,18.35
0.1322918495320586,0.00878919167142489,18.375
0.16054556042515647,0.012971569291050034,18.4
0.1876399550542388,0.017762122870817354,18.425
0.21340951743022044,0.023037166587080216,18.45
0.23770135366151557,0.028661713681848555,18.475
0.26037504616768664,0.03449244677569974,18.5
0.28131481217699006,0.040384464251529084,18.525
0.3004338739693738,0.046197354075931285,18.55
0.31764365024526586,0.05178983792681113,18.575
0.3328717712860811,0.05702789867310132,18.6
0.34606086745637094,0.06178793654347836,18.625
0.3571668643284169,0.06595940611459172,18.65
0.36615734521395416,0.06944704688778236,18.675
0.3730100619534061,0.07217270266416709,18.7
0.37771166417938373,0.07407673171971729,18.725
0.3802567044566109,0.07511901375593322,18.75
0.3806472322706056,0.07527967224423593,18.775
0.378890962622263,0.07455867909241543,18.8
0.3749943881541438,0.07297291902938496,18.825
0.36896975497351686,0.07055859791228203,18.85
0.3608368179575291,0.06737103261463884,18.875
0.35062377493604424,0.06348359947644366,18.9
0.33836846840855034,0.058986302125812906,18.925
0.32411979897901577,0.05398395578626558,18.95
0.3079392829567112,0.04859398887115152,18.975
0.2899026770113888,0.04294386901204672,19.0
0.2701015859669156,0.037168169793833195,19.025
0.2486448618901917,0.03140527946121474,19.05
0.22564385689789995,0.02579014075803976,19.075
0.2012238255459133,0.020454711596922692,19.1
0.1755307299497492,0.01552604765625809,19.125
0.14872219137189965,0.011120983237312254,19.15
0.12096734674490423,0.0073435130814395455,19.175
0.09244637096646376,0.0042823349487410844,19.2
0.06334968106050573,0.0020086082988830523,19.225
0.033876851836606686,0.0005739852747275176,19.25
0.0042352859952331815,8.968863950964412e-6,19.275
-0.025361305800357673,0.0003216496451967643,19.3
-0.05469654446978304,0.0014969764577249522,19.325
-0.08357943758310828,0.0034988822819658205,19.35
-0.11181322022799721,0.006270759320102681,19.375
-0.13920635001327628,0.009736604677330729,19.4
-0.1655813620261022,0.013803867098648115,19.425
-0.19077550338432664,0.018366306961473122,19.45
-0.21464101379860315,0.02330699030068417,19.475
-0.23704505665150002,0.028501342709580935,19.5
-0.2578693203446428,0.03382019601681174,19.525
-0.27700932274965223,0.03913276926009235,19.55
-0.2943734622625842,0.04430953509227742,19.575
-0.30988271105402315,0.04922520784898343,19.6
-0.3234837662818581,0.05376627995399352,19.625
-0.33512528967655913,0.05782642776439417,19.65
-0.34476258315335107,0.06131008247801628,19.675
-0.35236238501306993,0.06413636162745318,19.7
-0.35790162594530084,0.06624070224403655,19.725
-0.3613663999922139,0.0675761023243413,19.75
-0.3627511987293582,0.06811397273034847,19.775
-0.36205844320542524,0.06784460324275121,19.8
-0.359298333531223,0.06677724656881301,19.825
-0.3544890208879147,0.06493982328947001,19.85
-0.347656730416533,0.062378115765162945,19.875
-0.3388285728738691,0.05915187293365076,19.9
-0.3280379404725899,0.05533545127886719,19.925
-0.31532814174414137,0.05101730098795443,19.95
-0.30075235075395174,0.046297728053470544,19.975
-0.2843749357170259,0.0412868541967637,20.0
-0.2662728038605416,0.036102290736073184,20.025
-0.24653669595717578,0.030866542964015142,20.05
-0.2252723630070896,0.025704170970027196,20.075
-0.20260155951845302,0.020738743704883045,20.1
-0.17866279301752339,0.016089634981327428,20.125
-0.15360576793606656,0.011867788169633964,20.15
-0.12758043057004026,0.00817177206153119,20.175
-0.10075884266892184,0.005089121768175886,20.2
-0.0733201074879511,0.002691541278248555,20.225
-0.04544833869659368,0.0010333096095147543,20.25
-0.017331562627243384,0.00015020281199340513,20.275
0.010839520719147283,5.874933045235675e-5,20.3
0.03887286283601411,0.0007558353760916958,20.325
0.06657641952012344,0.0022186710687153166,20.35
0.09375947117551725,0.004405121766444919,20.375
0.12023385073306733,0.007254402609662258,20.4
0.14581745220058095,0.01068848655555854,20.425
0.17036202270431644,0.014618459062636036,20.45
0.1937190955774783,0.018942961898420596,20.475
0.21574947428393823,0.023551248479366294,20.5
0.23632996006686371,0.02832713839749823,20.525
0.2553528186617705,0.03315206055890618,20.55
0.2727249986893463,0.037907969532074315,20.575
0.28836715323209733,0.042480086401950556,20.6
0.302212521923373,0.04675942617159079,20.625
0.3142057337956362,0.05064508383326638,20.65
0.324301696497591,0.054046296244480874,20.675
0.3324723765499484,0.05688700632891852,20.7
0.33869164463375956,0.05910257208594771,20.725
0.3429361792506409,0.06064129483941427,20.75
0.3451916508938806,0.06146778203774095,20.775
0.34545216334885276,0.06156363943120924,20.8
0.3437199620820556,0.06092780486998217,20.825
0.3400054227934825,0.05957652492559229,20.85
0.33432731977787655,0.057542975382886996,20.875
0.3267133603638245,0.054876526500490685,20.9
0.3172009587808658,0.051641654358174915,20.925
0.3058382107596967,0.04791650112014478,20.95
0.29268142328943747,0.04378998935313949,20.975
0.2777849336543697,0.03935670999343499,21.0
0.26122033055312427,0.03472079743438139,21.025
0.24307068907230567,0.02999142265961663,21.05
0.22343052848138625,0.025280143352702344,21.075
0.20240668630379588,0.02069844616710792,21.1
0.18011901105124573,0.016355174944776563,21.125
0.1567008339141814,0.01235388491089573,21.15
0.13229918764375395,0.008790171079401166,21.175
0.10707475090588994,0.005749026795325851,21.2
0.08119795472799246,0.0033020055463185427,21.225
0.054833604988804456,0.0015044938689349197,21.25
0.028163564328664924,0.0003966718521265511,21.275
0.0013718683748625746,9.410118617658725e-7,21.3
-0.025359042564020322,0.00032159223066330345,21.325
-0.051849504105907565,0.0013450901717994013,21.35
-0.0779237657880154,0.003040679503213406,21.375
-0.10341103719217819,0.005361293038101178,21.4
-0.12814639804393954,0.008244737514156553,21.425
-0.15197153442042127,0.0116151292508051,21.45
-0.1747352704522486,0.015384549552476479,21.475
-0.19629387285691266,0.019454888605917264,21.5
-0.21652644968724455,0.023723247953820636,21.525
-0.2353327536146537,0.028085140006520626,21.55
-0.25261128587786735,0.03243215315558856,21.575
-0.26827517970517945,0.03665767872777759,21.6
-0.28225131872776116,0.04065950097140181,21.625
-0.29447929023247593,0.04434213882573157,21.65
-0.30491030067719926,0.04761892682553803,21.675
-0.3135061102871778,0.05041381706945425,21.7
-0.32023803985360344,0.05266289113604239,21.725
-0.32508609719081316,0.054315576202481175,21.75
-0.32804011616463574,0.05533620679805229,21.775
-0.32909693906408405,0.05570385752209572,21.8
-0.3282527773863055,0.05541008149664406,21.825
-0.32551129169649895,0.05446184689454403,21.85
-0.3208840707835477,0.052881521077020044,21.875
-0.314390970085091,0.0507064110987816,21.9
-0.3060606659303397,0.04798798916700797,21.925
-0.29593139903868343,0.044790804554830754,21.95
-0.2840518710522653,0.04119108548589978,21.975
-0.2704822494325383,0.03727503785249542,22.0
-0.2552952291970585,0.033136852522953286,22.025
-0.23857648055829608,0.02887628855824087,22.05
-0.2204097906165591,0.024592636792009515,22.075
-0.20089293480902387,0.02038679636102425,22.1
-0.18013824854231275,0.016358697790648913,22.125
-0.15826771270848625,0.012603761849365736,22.15
-0.13541317469585867,0.009210783204223194,22.175
-0.11171635413491343,0.006259864844534668,22.2
-0.08732862840791433,0.0038204425604827508,22.225
-0.06241060192576942,0.0019494417779912787,22.25
-0.0371314726647566,0.0006896109127322303,22.275
-0.011668219160715521,6.807598636116019e-5,22.3
0.013804462658288134,9.528613436571298e-5,22.325
0.03912341554072656,0.0007656139041112286,22.35
0.06411372293399152,0.002057401184044405,22.375
0.08860732183205576,0.003933364418950869,22.4
0.11244455756459483,0.006341999743320836,22.425
0.135474855301905,0.00921921517374602,22.45
0.1575571978243964,0.012490137054963935,22.475
0.17856039563458212,0.016071046715860904,22.5
0.19836314483165823,0.01987140498172657,22.525
0.21685387697946715,0.023795925003908813,22.55
0.23393041323718605,0.027746657623292426,22.575
0.24950192223141224,0.03162569695244888,22.6
0.26350299469510985,0.03534142216704006,22.625
0.27586719443656316,0.03880423896393537,22.65
0.2865370831944526,0.0419308480310957,22.675
0.2954667406591852,0.04464697354106961,22.7
0.3026208467179,0.046888976492380885,22.725
0.3079738523299549,0.048605178550436334,22.75
0.3115092799777314,0.04975688979727122,22.775
0.313219187019353,0.05031913735037519,22.8
0.313103816560009,0.05028109418862459,22.825
0.31117145100434357,0.049646208993802454,22.85
0.30743759991910796,0.048431756437837814,22.875
0.3019206693828036,0.04666694728471743,22.9
0.2946449410713075,0.044393198694627434,22.925
0.28564265909019815,0.04166380048133378,22.95
0.27495472007337884,0.038542823673685445,22.975
0.26263147443785373,0.03510378349036991,23.0
0.2487335923006481,0.03142806149402877,23.025
0.23333295125263218,0.027603098596187037,23.05
0.21651350040506004,0.02372037604877364,23.075
0.19837205420073337,0.01987320814489446,23.1
0.1790189706449438,0.01615437788785945,23.125
0.15857133961165695,0.012652477466133183,23.15
0.13714633328567577,0.009449202076796892,23.175
0.11487985922562563,0.006620607248016053,23.2
0.09191407265250018,0.004233057764804649,23.225
0.06839656668007613,0.0023417871503398358,23.25
0.044479856239382595,0.0009897185769688344,23.275
0.02032072647885362,0.00020648728081273937,23.3
-0.0039205264651720655,7.685293413883798e-6,23.325
-0.02808092982077837,0.0003943470646033953,23.35
-0.05199570740120825,0.0013526916814685652,23.375
-0.07549915270782964,0.0028541340704461016,23.4
-0.09843553940198398,0.004856570848884911,23.425
-0.12066840708218451,0.007307129303202764,23.45
-0.14205415110217023,0.010141111998966945,23.475
-0.16246015454882876,0.013284895127286145,23.5
-0.18176555855983303,0.01665810537665391,23.525
-0.19986115975483593,0.020175772486997534,23.55
-0.21664912418284335,0.023750463769223074,23.575
-0.23204254033082422,0.02729436134212837,23.6
-0.2459648395610532,0.0307212487113393,23.625
-0.25834911656821824,0.0339483792423817,23.65
-0.269137494206027,0.03689823527702907,23.675
-0.27828914741508953,0.03950265464657188,23.7
-0.2857670097506878,0.04170087335000128,23.725
-0.29153754561737355,0.043440613712145026,23.75
-0.295576749747215,0.04468100353396498,23.775
-0.2978696055362633,0.04539343282288755,23.8
-0.2984096980494812,0.04556212768456347,23.825
-0.2971990000845074,0.04518443961738405,23.85
-0.2942478409451489,0.04427085003170572,23.875
-0.28957505855102195,0.04284469104268551,23.9
-0.2832083265052444,0.040941584783231844,23.925
-0.275184639060251,0.038608604976475,23.95
-0.2655455911784397,0.035901696399328276,23.975
-0.25433528872918965,0.032883894815601944,24.0
-0.24161039686530417,0.0296266614716838,24.025
-0.22743624077355074,0.026207025912183157,24.05
-0.2118874842147233,0.02270593267269072,24.075
-0.19504880199969254,0.019206461665614016,24.1
-0.17701546987697672,0.015791930827513956,24.125
-0.15789383993044143,0.012543907147249289,24.15
-0.13780167331910323,0.00954015789106566,24.175
-0.11686830747119063,0.0068525795689649005,24.2
-0.0952287007263364,0.004544579321618336,24.225
-0.07301638252153576,0.0026692585288123905,24.25
-0.05037970619160266,0.0012698636748524894,24.275
-0.027468903916468772,0.0003773415345029729,24.3
-0.004434831718621498,9.833914539236766e-6,24.325
0.018571745272236387,0.00017246973413298505,24.35
0.041400888848601235,0.0008573843526912261,24.375
0.06390421282460362,0.002043963100945123,24.4
0.08593556586529476,0.003699303162237322,24.425
0.1073516424893169,0.005778885330408046,24.45
0.12801249531186165,0.00822744490279903,24.475
0.14778287370681278,0.01098017095765147,24.5
0.16655337527231218,0.013967559770267868,24.525
0.18421708851875299,0.017114419529071556,24.55
0.2006719600847497,0.020341506219772154,24.575
0.21582787022745964,0.023568573614573318,24.6
0.22960614629775167,0.026716373515769276,24.625
0.24193897620507612,0.029708532556923073,24.65
0.2527687561011972,0.03247327895346819,24.675
0.2620474077279246,0.03494499840523346,24.7
0.2697357005126296,0.03706560354873556,24.725
0.27580279313682626,0.03878575785732086,24.75
0.2802310188970131,0.040067410675133974,24.775
0.2830037235720254,0.04088118960977072,24.8
0.28410852557148975,0.04120787148746674,24.825
0.28354129614340795,0.04103997300131623,24.85
0.28130606172394207,0.04038189906746459,24.875
0.2774150638198604,0.03924983353328382,24.9
0.27188897325963746,0.0376713730643673,24.925
0.26475724803414225,0.03568490646812561,24.95
0.25605861671355845,0.03333874350590682,24.975
0.24584166283928316,0.03068999963251373,25.0
0.2341654800158442,0.02780324626701758,25.025
0.2210963783498009,0.024748036925532957,25.05
0.2066987811050534,0.0215953731253693,25.075
0.1910528960594996,0.018420257489347946,25.1
0.1742475602127124,0.015298122394439062,25.125
0.15637982245121984,0.012303006418403206,25.15
0.13755524033528105,0.009505903169381269,25.175
0.11788804764485081,0.006973108006391726,25.2
0.09750118135161488,0.004764590845442451,25.225
0.07652616225636524,0.002932426316895831,25.25
0.05510282977012766,0.0015193150834993396,25.275
0.0333766912070032,0.0005571569699084344,25.3
0.011483261717193258,6.593482353323132e-5,25.325
-0.010430639866558037,5.4400603725746066e-5,25.35
-0.032218076665251914,0.0005191369836079485,25.375
-0.05373607798662004,0.0014448268009343845,25.4
-0.07484624512830217,0.002804913976109602,25.425
-0.09541528353632024,0.004562446123473007,25.45
-0.1153154401393018,0.0066710770014399845,25.475
-0.13442482930666966,0.009076206125883446,25.5
-0.15262763576687183,0.01171623265369015,25.525
-0.16981418781361476,0.014523901042139742,25.55
-0.18588089908286434,0.017427716981521013,25.575
-0.20074211489963836,0.020355879257359932,25.6
-0.21432444834926936,0.023237474695214644,25.625
-0.22655437937947923,0.026001481939536553,25.65
-0.237369364485059,0.028580530973380536,25.675
-0.2467172383808809,0.03091248884029485,25.7
-0.2545556042258101,0.032941860921881894,25.725
-0.26085124945595967,0.03462099377640038,25.75
-0.26557961692961674,0.03591106889897444,25.775
-0.2687243573110591,0.03678288024570586,25.8
-0.27027698391082433,0.037217391116733944,25.825
-0.2702370895735733,0.037206192677370575,25.85
-0.26861093671621955,0.03675124465357593,25.875
-0.26540701134853584,0.03586353749739446,25.9
-0.26064083844447145,0.03456416405078322,25.925
-0.25433568815869567,0.03288399985893997,25.95
-0.24652294171957861,0.030863044143953133,25.975
-0.23724254946456905,0.028549552100802456,26.0
-0.22654355851157928,0.025998965043203537,26.025
-0.21448468354204214,0.023272647804992608,26.05
-0.20113489116131958,0.020436446391800422,26.075
-0.18657396649079333,0.017559083187242086,26.1
-0.1708921617882143,0.014710261375187828,26.125
-0.15417626427586398,0.011956640863398649,26.15
-0.13652520503228913,0.00936340245734335,26.175
-0.11804759459111708,0.0069920617581895605,26.2
-0.09885760028518101,0.004898409776240342,26.225
-0.07907485103038912,0.0031313186108604674,26.25
-0.05882422834908018,0.0017316442162782497,26.275
-0.03823555167156732,0.0007312460662192155,26.3
-0.01744317025766101,0.00015214366816673763,26.325
0.003414521795595687,5.8294965378236085e-6,26.35
0.02419562718210814,0.0002927570407101898,26.375
0.04476011792902903,0.001002236317328209,26.4
0.06498405314769923,0.0021136974401858577,26.425
0.08473453835174426,0.003596438178627981,26.45
0.10388440125139896,0.005410621825952533,26.475
0.12231439857438145,0.007508595552894848,26.5
0.13991340477817435,0.009836256388177644,26.525
0.1565784784587733,0.01233447965237977,26.55
0.17221480877533923,0.014940580655931512,26.575
0.18673554918651597,0.017589782896161865,26.6
0.20006155012055118,0.020216668766322554,26.625
0.21212100579917595,0.02275659178547229,26.65
0.2228517110769975,0.02514764457890628,26.675
0.23220806312536782,0.02733386230445689,26.7
0.2401428540269425,0.029262440378556964,26.725
0.24661697914289826,0.03088696964779636,26.75
0.2516004702808012,0.03216881464044585,26.775
0.2550720697253615,0.03307795596231211,26.8
0.2570188886484804,0.03359362022082035,26.825
0.25743616661270047,0.03370469310890378,26.85
0.25632714352049646,0.03340991340971078,26.875
0.2537030496206373,0.03271784746476969,26.9
0.24958321327540578,0.031646645252300876,26.925
0.2439939667693655,0.030223250340497332,26.95
0.23696390221628927,0.028481544670185488,26.975
0.22852963807756527,0.026463044091218357,27.0
0.2187352707579243,0.02421576087412769,27.025
0.20763260037369594,0.021793118373185316,27.05
0.19528161038794442,0.019252788612533878,27.075
0.1817509395671697,0.01665540324540804,27.1
0.1671183221861151,0.014063152940464563,27.125
0.15147097289876946,0.01153829392884409,27.15
0.13490589425875846,0.00914158443587676,27.175
0.11753006956843236,0.006930675759622806,27.2
0.0994496554880478,0.004957404920116648,27.225
0.08077560444602035,0.0032676880293385224,27.25
0.061629057025671265,0.0019008770016243348,27.275
0.04213320699449811,0.0008879978358988794,27.3
0.02241294811217644,0.00025120167267977944,27.325
0.0025944645268400754,3.3656287542482843e-6,27.35
-0.017195217026958757,0.0001478486739172613,27.375
-0.0368286937648278,0.000678406459874159,27.4
-0.05617865194878522,0.001579267510325999,27.425
-0.07511831021933356,0.002825371627520834,27.45
-0.09352182126457542,0.004382769862153912,27.475
-0.11127352239747011,0.006210181570942219,27.5
-0.12827321883497939,0.008261132490153145,27.525
-0.1444158596242675,0.010482916019645572,27.55
-0.15960543888541426,0.012819112888527218,27.575
-0.17375522739036828,0.015211128741535074,27.6
-0.1867875455080421,0.017599667730572754,27.625
-0.19863345576746647,0.01992615061421321,27.65
-0.20923239371726127,0.022134055496692895,27.675
-0.21853175757311272,0.024170162921830718,27.7
-0.226486478004977,0.025985690412660745,27.725
-0.2330604332880905,0.027537746524027074,27.75
-0.23822912445587746,0.02879101926465588,27.775
-0.24196711294353088,0.029715548793152857,27.8
-0.24425627114139217,0.030289283338529538,27.825
-0.24508656147398436,0.030498799699113843,27.85
-0.24445588578975072,0.030339585265672375,27.875
-0.24237003565100204,0.029816117522800778,27.9
-0.23884274571238598,0.028941740769088287,27.925
-0.23389584718689577,0.027738341459088378,27.95
-0.22755951333269672,0.02623582531919655,27.975
-0.219872584140819,0.024471401370908863,28.0
-0.21088274054822037,0.02248863447074334,28.025
-0.20063778866244156,0.020334507211443364,28.05
-0.18919274866883284,0.01806003042389004,28.075
-0.17661239131450904,0.015719520038027568,28.1
-0.16296833345287953,0.013368699923020366,28.125
-0.14833936269349865,0.01106348359680509,28.15
-0.13281170185173968,0.008858712467670116,28.175
-0.11647919909100685,0.006806868640787722,28.2
-0.09944343231968861,0.0049567829644384664,28.225
-0.08181371972918534,0.003352361531883119,28.25
-0.06370696993856571,0.0020313522052676225,28.275
-0.04523648231039141,0.0010236936402436836,28.3
-0.026519661905023466,0.0003517080830661712,28.325
-0.007680320691620267,2.9494097913973505e-5,28.35
0.01115907176847442,6.226437979350852e-5,28.375
0.029877799405395936,0.0004464411034840188,28.4
0.048357302071420825,0.001169898663254454,28.425
0.06648155205461735,0.002212345618362921,28.45
0.08413738896468435,0.003545836589456841,28.475
0.10121479922285292,0.005135403977869157,28.5
0.11760712865579687,0.006939798758736404,28.525
0.1332112192203807,0.008912329269594954,28.55
0.1479313807819977,0.01100237281380112,28.575
0.16169181042753522,0.013158696425475958,28.6
0.17441309690366313,0.015327429229150646,28.625
0.1860234929008494,0.017454703288969142,28.65
0.19646040631261916,0.01948824140070582,28.675
0.20567004051693652,0.02137860516246548,28.7
0.21360701241865246,0.02308032866280263,28.725
0.22023396886925092,0.02455292354936145,28.75
0.22552122124728793,0.025761744352475247,28.775
0.2294464163489107,0.026678705655402646,28.8
0.23199466097929491,0.027282940790539056,28.825
0.2331605663781029,0.02756174988524729,28.85
0.23293979437329448,0.027508842098126207,28.875
0.2313337853036681,0.027125558061536714,28.9
0.22835132343766285,0.02642120345384069,28.925
0.22400863682015087,0.02541284092700169,28.95
0.21832957734416,0.024124907758825698,28.975
0.21134587206099903,0.022588662658972525,29.0
0.20309743304648456,0.02084146702899603,29.025
0.19363270992481216,0.01892590817656714,29.05
0.18300906656019844,0.01688877457493909,29.075
0.17129316159820274,0.014779896272060444,29.1
0.15855343878718975,0.012649602699853602,29.125
0.14486044319569602,0.010547903131664205,29.15
0.13029685090633025,0.008524972254019159,29.175
0.11495052968359196,0.006628782516092002,29.2
0.09891461290222871,0.004904075300073307,29.225
0.08228751325323756,0.0033913681075212754,29.25
0.06517286002741704,0.002126010803043976,29.275
0.04767936129105505,0.001137307480714278,29.3
0.02992059538721519,0.00044772124131764457,29.325
0.012014739367211225,7.217958597727225e-5,29.35
-0.0059184674559805295,1.7514281888786343e-5,29.375
-0.02377087652900267,0.00028256720759189946,29.4
-0.04142566508402133,0.0008584112988057058,29.425
-0.05876819896608333,0.0017283441916809972,29.45
-0.07568872649608428,0.002868505822125278,29.475
-0.0920826266415112,0.004248630495142125,29.5
-0.10785059201470826,0.005832886380726765,29.525
-0.12289874096976823,0.007580784412128727,29.55
-0.13713865621172824,0.009448139180768922,29.575
-0.15048735034751134,0.011388065323210128,29.6
-0.16286716162170412,0.013351994039774273,29.625
-0.17420603458176553,0.015290775144613189,29.65
-0.18444842521614038,0.01715780593460181,29.675
-0.19354078181706427,0.01890776897702451,29.7
-0.2014335784273839,0.02049782364614472,29.725
-0.20808583731272334,0.021889431449663377,29.75
-0.21346479712074237,0.023049243620641646,29.775
-0.21754560893811328,0.023949843485620126,29.8
-0.22031107582811654,0.02457033576610057,29.825
-0.22175144879473693,0.024896777280766447,29.85
-0.22186428899695154,0.024922445511190494,29.875
-0.22065440256541088,0.024647943238698233,29.9
-0.21813279884099313,0.024080903932198416,29.925
-0.2143126540702211,0.023234886830320045,29.95
-0.20921625646658,0.02213060277452683,29.975
-0.2028731694322164,0.020794976971356016,30.0
